stock_name,direction,trend,median_return,current_return,current_price,forecasted_price
A-1 Limited,up,at par,25.5,,,442.28999507860544
ABB India Limited,up,at par,28.0,-4.0,4694.5,5688.592722689076
AWL Agri Business Limited,down,premium,-15.0,-15.0,209.06,176.94261524822718
Abbott India Limited,up,at par,24.0,-7.0,27780.0,30747.217008403368
Action Construction Equipment Limited,up,at par,39.0,-24.0,791.35,1059.379879551821
Adani Enterprises Limited,up,at par,70.0,-11.0,1864.2,3110.28230672269
Adani Ports and Special Economic Zone Limited,up,premium,5.0,23.0,1308.4,1290.8496330532214
Aditya Birla Fashion and Retail Limited,up,discount,-2.0,-75.0,61.64,237.81030252100848
Advani Hotels and Resorts (India) Limited,up,premium,4.0,13.0,62.14,60.17949299719889
Aegis Logistics Limited,down,at par,-13.0,-13.0,651.35,713.3759047619046
Affle 3i Limited,up,at par,15.0,13.0,1579.8,1839.992863802863
Ahluwalia Contracts (India) Limited,up,at par,18.0,29.0,830.95,964.492004201681
Ajanta Pharma Limited,up,premium,10.0,10.0,2699.6,2335.3451876750696
Akzo Nobel India Limited,up,at par,19.0,-1.0,2938.6,2989.3891344537824
Alivus Life Sciences Limited,down,premium,0.0,0.0,883.5,857.6942307692303
Allcargo Logistics Limited,up,discount,7.0,-70.0,9.17,61.17746218487396
Allied Blenders and Distillers Limited,up,at par,45.0,45.0,448.7,593.8985964912279
Amara Raja Energy & Mobility Limited,up,at par,2.0,-14.0,831.2,1047.9600793650798
Amber Enterprises India Limited,up,at par,30.5,-1.0,5565.5,6008.994194587629
Ambuja Cements Limited,up,at par,11.5,,,383.9806534641258
Anand Rayons Limited,up,premium,1.0,0.0,176.15,69.72880597014925
Anant Raj Limited,up,premium,33.0,8.0,501.4,449.39068347338946
Antony Waste Handling Cell Limited,up,at par,6.0,8.0,570.75,633.1016393442626
Apar Industries Limited,up,premium,22.0,22.0,7033.0,6743.680380952382
Apollo Hospitals Enterprise Limited,up,at par,13.0,13.0,6803.0,7069.8683963585445
Apollo Tyres Limited,up,premium,35.0,35.0,499.2,448.53950420168076
Artemis Medicare Services Limited,up,at par,52.0,-2.0,225.9,283.8798401826485
Ashok Leyland Limited,up,premium,23.0,86.0,192.98,111.15973249299721
Asian Paints Limited,up,at par,25.0,25.0,2703.7,3309.689065826331
Aster DM Healthcare Limited,up,premium,19.0,39.0,555.25,472.392495614035
Astra Microwave Products Limited,up,premium,27.0,50.0,909.85,739.8578109243699
AstraZeneca Pharma India Limited,up,premium,27.0,25.0,8319.0,7266.775078431371
Ather Energy Limited,up,at par,,,621.2,822.7791666666667
Atul Limited,up,at par,21.0,10.0,5826.5,8597.568250700282
Aurobindo Pharma Ltd,up,premium,3.0,7.0,1132.5,1054.6706624649862
Automotive Axles Limited,up,at par,20.0,20.0,1939.3,2069.482868347339
Avenue Supermarts Limited,up,at par,11.5,8.0,3665.6,4961.212793158173
Axtel Industries Limited,up,at par,19.0,,,491.58339927469245
BEML Limited,up,premium,-5.0,35.0,1645.4,1637.300485994398
BLS International Services Limited,up,at par,-4.0,-19.0,275.05,334.37504347826086
BSE Limited,up,premium,53.5,74.0,2685.4,1502.1184890965728
Bajaj Auto Limited,up,premium,8.0,22.0,9413.5,7873.581558823532
Bajel Projects Limited,down,at par,-17.0,-9.0,147.96,190.19640000000007
Balkrishna Industries Limited,up,at par,18.0,-7.0,2408.4,2925.0135476190485
Banco Products (India) Limited,up,premium,11.0,81.0,549.15,384.43802521008405
Bayer CropScience Limited,up,at par,0.0,-5.0,4385.2,5387.26768347339
Bharat Dynamics Limited,up,premium,32.0,45.0,1408.0,1331.3861343784995
Bharat Electronics Limited,up,premium,38.0,68.0,410.7,272.1157464985995
Bharat Forge Ltd,up,premium,21.0,40.0,1408.8,1246.4763417366948
Bharat Heavy Electricals Limited,up,premium,5.0,36.0,242.5,198.6165364145659
Bharti Airtel Limited,up,premium,26.0,27.0,1984.7,1547.2236806722692
Bharti Hexacom Limited,up,at par,25.0,25.0,1615.2,1972.5950649350652
BillionBrains Garage Ventures Limited,up,at par,,,167.51,169.48333333333332
Birla Corporation Limited,up,at par,28.0,,,1045.3039845373532
BirlaSoft Limited,up,at par,-3.0,-3.0,405.8,549.4066750700281
Blue Dart Express Limited,up,at par,0.0,-11.0,5298.5,6984.91625070028
Blue Star Limited,up,premium,31.0,-11.0,1698.1,1503.8705126050424
Bosch Limited,up,premium,7.0,35.0,35265.0,26819.435208683477
Britannia Industries Ltd,up,premium,17.0,29.0,5835.0,5693.293973389357
Brookfield India Real Estate Trust,up,premium,12.5,23.0,344.06,302.2325197740114
CCL Products (India) Limited,up,premium,0.0,60.0,925.65,732.2509257703081
CEAT Limited,up,premium,37.0,48.0,3718.2,2750.625179271709
CG Power and Industrial Solutions Limited,up,at par,30.0,-4.0,549.1,586.6151120448179
Carborundum Universal Limited,up,at par,10.0,-1.0,818.2,1246.8601176470588
Central Depository Services (India) Limited,up,at par,22.5,21.0,1326.3,1351.9179200896192
Cera Sanitaryware Limited,up,at par,12.0,-6.0,4939.0,7342.50085714286
Chemplast Sanmar Ltd,down,at par,-16.0,-39.0,245.2,381.07596086652643
Cian Agro Industries & Infrastructure Limited,up,premium,0.0,0.0,478.4,115.26632398753891
Cipla Limited,up,at par,-2.0,-6.0,1315.0,1477.4548585434175
Coforge Limited,up,premium,52.0,12.0,1636.4,1545.7052969187675
Computer Age Management Services Limited,up,at par,10.0,10.0,679.4,805.9356845238096
Container Corporation of India Limited,up,at par,8.0,-2.0,479.75,748.4051638655465
Coromandel International Limited,up,premium,27.0,36.0,2247.9,1797.523154061625
Cummins India Limited,up,premium,24.0,47.0,3930.4,2975.627400560224
Cyient Limited,up,at par,19.0,-12.0,1085.8,1504.0942030812325
DR. LAL PATHLABS Limited,up,at par,12.0,20.0,1376.4,1614.8391554621849
Dalmia Bharat Limited,up,at par,11.0,24.0,2084.9,2315.3019261285904
Datamatics Global Services Limited,up,at par,14.0,14.0,648.55,665.5878571428573
Devyani International Limited,up,at par,0.0,-31.0,114.59,168.1003144654087
Disa India Limited,up,at par,29.0,,,12482.141643008434
Divi's Laboratories Limited,up,premium,29.0,10.0,6011.5,5890.706844537815
Dixon Technologies (India) Limited,up,at par,41.5,-26.0,10360.0,12901.57754257426
Doms Industries Limited,up,at par,29.0,-1.0,2383.0,2867.131076923077
Dr. Agarwal's Eye Hospital Limited,up,at par,71.5,,,2804.4053119393066
Dr. Agarwal's Health Care Limited,up,at par,,,458.7,526.1340909090909
Dr. Reddy's Laboratories Ltd,up,at par,11.0,11.0,1235.6,1285.9364257703082
Dynacons Systems and Solutions Limited,up,at par,66.0,-12.0,928.0,971.8828389355745
E.I.D Parry (India) Limited,up,premium,24.0,32.0,879.6,820.8818893557423
E2E Networks Limited,up,at par,75.0,12.0,2030.5,2166.2800374006542
EIH Associated Hotels Limited,up,at par,3.0,4.0,325.85,329.4025168067228
EIH Limited,up,at par,7.0,1.0,322.4,329.63195098039216
EMS Limited,up,at par,-11.0,-45.0,332.5,617.1994827586208
EPL Limited,up,at par,7.0,6.0,202.69,229.13887955182076
Eco Recycling Limited,up,premium,37.0,0.0,902.35,427.07178435444774
Eicher Motors Limited,up,premium,21.0,48.0,6973.0,4873.938170868349
Elecon Engineering Company Limited,up,at par,66.0,-9.0,375.0,498.9661974789918
Endurance Technologies Limited,up,premium,-5.0,34.0,2357.0,2288.981274131274
Epack Durable Limited,up,at par,32.0,-36.0,236.2,388.1344999999999
Esconet Technologies Limited,down,at par,-36.0,-36.0,121.4,173.31992753623194
Escorts Kubota Limited,up,at par,23.0,23.0,3500.4,3531.429889355743
Eternal Limited,up,at par,25.0,16.0,258.7,285.81006060606063
Ethos Limited,up,at par,-2.0,-2.0,2476.5,3338.818383838384
Fertilisers and Chemicals Travancore Ltd,up,premium,28.0,13.0,781.95,760.7592254901964
Fiem Industries Limited,up,premium,29.0,59.0,2145.6,1413.969830532213
Force Motors Limited,up,premium,21.0,190.0,19325.0,12207.843482570062
Fortis Healthcare Limited,up,premium,14.0,38.0,844.0,602.4538305322129
G M Breweries Limited,up,premium,14.0,59.0,947.3,696.9332394957985
G N A Axles Limited,up,at par,15.0,15.0,342.65,414.86043299620746
GE Vernova T&D India Limited,up,premium,14.0,103.0,2712.7,1407.00206302521
GHCL Limited,up,at par,12.0,-7.0,526.8,619.9477927170869
GHCL Textiles Limited,up,at par,-10.0,-5.0,70.67,85.53572580645161
GOCL Corporation Limited,up,at par,6.0,-11.0,250.95,348.62769047619065
GPT HEALTHCARE LIMITED,down,at par,0.0,0.0,129.4,137.64246376811593
GTL Limited,down,at par,-31.0,-18.0,7.0,8.29232773109244
Gabriel India Limited,up,premium,36.0,95.0,900.7,546.7730364145659
Ganesha Ecosphere Limited,up,at par,23.0,-48.0,682.65,1362.3046162464989
Garden Reach Shipbuilders & Engineers Limited,up,premium,80.0,80.0,2234.8,1965.3135031347956
Garware Hi-Tech Films Limited,up,at par,99.0,-22.0,2935.7,4208.214273049644
Genus Power Infrastructures Limited,up,at par,39.0,1.0,256.7,282.25193837535005
Glenmark Pharmaceuticals Limited,up,premium,10.0,54.0,1967.7,1202.568921568627
Global Health Limited,up,at par,-10.0,-10.0,1030.0,1427.4469230769232
Gokaldas Exports Limited,up,at par,11.0,-31.0,557.45,826.042565826331
Grasim Industries Ltd,up,premium,20.0,20.0,2759.0,2548.6323263305335
Gravita India Limited,up,premium,68.0,-2.0,1549.9,1447.0871246498602
Groww Nifty Railway PSU ETF,down,at par,,,32.74,34.68924242424243
Gujarat Ambuja Exports Limited,up,at par,31.0,31.0,135.93,154.2459341736695
Gujarat Kidney & Super Speciality Ltd,down,premium,,,99.36,95.74999999999993
HBL Engineering Limited,up,at par,63.0,63.0,706.1,924.3901098901101
HCL Technologies Limited,up,premium,13.0,12.0,1707.0,1575.4902114845945
HDFC Gold ETF,up,premium,57.5,80.0,131.88,105.44879032258063
HDFC Silver ETF,up,premium,223.0,223.0,294.07,178.89648221343876
Healthcare Global Enterprises Limited,up,premium,29.0,23.0,618.35,456.0137088733799
Hero MotoCorp Limited,up,premium,-1.0,52.0,5384.0,4112.600721288517
Hikal Limited,up,at par,-3.0,-44.0,194.56,379.7145588235295
Hindalco Industries Limited,up,premium,27.0,51.0,950.3,690.1467731092438
Hinduja Global Solutions Limited,up,discount,11.0,-23.0,405.25,1008.7037941176474
Hindustan Aeronautics Limited,up,premium,41.0,41.0,4305.7,4244.471173644475
Hindustan Unilever Limited,up,at par,12.0,12.0,2409.5,2829.7763725490204
Hyundai Motor India Limited,up,at par,32.0,32.0,2263.2,2503.319500000001
ICICI Prudential Nifty Healthcare ETF,up,at par,8.5,10.0,143.04,156.48880000000008
ICICI Prudential Nifty Metal ETF,up,premium,40.0,40.0,11.52,10.621372549019608
ICICI Prudential Nifty Oil & Gas ETF,down,premium,17.0,17.0,11.42,11.275789473684208
IFB Industries Ltd,up,at par,-7.0,26.0,1351.2,1434.5642366946777
IPCA Laboratories Limited,up,at par,21.0,8.0,1462.8,1470.7333389355742
ITC Hotels Limited,up,at par,11.0,11.0,182.21,221.20153846153852
ITC Limited,up,at par,6.0,-15.0,323.4,403.7561974789916
Ideaforge Technology Limited,down,premium,-22.0,11.0,401.3,336.83451612903195
India Glycols Limited,up,premium,48.0,56.0,812.6,669.2733403361347
India Grid Trust,up,premium,19.5,27.0,165.31,149.00721807318897
Indian Railway Catering and Tourism Corporation Limited,up,at par,-2.5,-7.0,617.8,925.5128210526314
Indraprastha Medical Corporation Limited,up,premium,24.0,2.0,361.0,315.0627647058825
Indus Towers Limited,up,premium,25.0,28.0,413.15,293.35128291316533
Info Edge (India) Limited,up,at par,40.0,-7.0,1300.9,1447.1172591036416
Infosys Limited,up,at par,16.0,2.0,1670.8,1798.2134873949583
Ingersoll-Rand (India) Limited,up,at par,16.0,1.0,3147.6,3615.2748137254903
Inox India Limited,down,at par,-2.5,14.0,1094.7,1129.9972000000002
InterGlobe Aviation Limited,up,premium,16.0,5.0,4704.5,4308.345873949582
Inventurus Knowledge Solutions Limited,down,premium,-8.0,-8.0,1651.1,1546.0763736263732
Ircon International Ltd,up,at par,10.0,10.0,152.88,200.46461184882537
JK Agri Genetics Limited,down,at par,-2.0,0.0,426.5,443.1167514710973
JK Lakshmi Cement Limited,up,at par,19.0,19.0,794.35,815.0453641456583
JK Paper Limited,up,at par,12.0,12.0,318.05,421.8614705882353
JK Tyre & Industries Limited,up,premium,23.0,94.0,508.05,348.01032072829133
JSW Infrastructure Limited,up,at par,0.0,1.0,256.35,317.02809523809526
Jubilant FoodWorks Limited,up,at par,25.0,-21.0,492.6,722.6141596638658
Jupiter Life Line Hospitals Limited,up,at par,-2.0,-8.0,1321.4,1588.61960591133
Jupiter Wagons Limited,up,at par,22.0,5.0,303.75,356.9819467787116
Jyoti CNC Automation Limited,up,at par,18.0,0.0,800.95,1037.7609999999997
K.P.R. Mill Limited,up,at par,11.0,6.0,848.9,957.4894425770311
KEC International Limited,up,at par,9.0,-7.0,634.95,804.258568627451
KEI Industries Limited,up,premium,44.0,24.0,3807.2,3617.6613823529415
KFin Technologies Limited,up,at par,28.0,18.0,1018.7,1314.3284779516357
KNR Constructions Limited,up,discount,5.0,-39.0,134.36,300.27952240896366
KPIT Technologies Limited,up,at par,63.0,-6.0,1114.5,1618.6363324299916
KRN Heat Exchanger and Refrigeration Limited,up,at par,-32.0,-32.0,598.1,804.0737500000002
KRSNAA DIAGNOSTICS LIMITED,up,at par,5.0,1.0,715.75,777.3790915443742
Kajaria Ceramics Limited,up,at par,0.0,11.0,934.15,1280.9298991596645
Kalyan Jewellers India Limited,up,at par,55.0,-20.0,367.2,626.2304149620106
Kalyani Cast-Tech Limited,up,premium,-2.5,0.0,472.0,464.0780952380952
Kansai Nerolac Paints Limited,up,at par,2.0,,,514.5847216547495
Kaynes Technology India Limited,up,discount,40.0,-18.0,3379.2,6793.854251012146
Kernex Microsystems (India) Limited,up,premium,34.0,29.0,1139.7,792.3969817927174
Kirloskar Brothers Limited,up,at par,17.5,,,330.2367001866789
Kirloskar Electric Company Limited,down,premium,0.0,0.0,99.42,30.807304075235106
Kirloskar Industries Limited,up,at par,32.0,,,1659.0032117572468
Kirloskar Oil Engines Limited,down,at par,-6.5,,,177.10858837307586
Kokuyo Camlin Limited,up,at par,-5.0,-21.0,82.22,113.19347759103646
Kovai Medical Center and Hospital Limited,up,at par,21.0,,,1562.9858070339192
Krishna Institute of Medical Sciences Limited,up,at par,13.5,12.0,582.1,687.2603571428572
L&T Technology Services Limited,up,at par,12.0,-14.0,3837.9,5308.54038084703
LMW Limited,up,at par,5.0,4.0,14195.0,15779.813386554622
LT Foods Limited,up,at par,46.0,2.0,345.9,479.90809523809514
LTIMindtree Limited,up,at par,21.0,28.0,5893.5,6418.875231121278
Larsen and Toubro Limited,up,premium,19.0,19.0,3743.8,3490.8684691876756
Lenskart Solutions Limited,up,at par,,,423.95,441.86666666666645
Lloyds Engineering Works Limited,up,at par,-13.5,-21.0,43.12,63.86238095238095
Lodha Developers Limited,up,at par,-11.5,-20.0,900.3,1388.8898911070783
Lokesh Machines Ltd,up,at par,-4.0,-4.0,154.63,236.35919887955183
Lotus Eye Hospital and Institute Limited,up,premium,8.0,106.0,122.17,88.70164285714287
Lumax Auto Technologies Limited,up,premium,63.0,177.0,1377.6,685.4895994397759
Lupin Limited,up,premium,-6.0,13.0,2137.2,1511.9512450980396
METROPOLIS HEALTHCARE LIMITED,up,at par,3.0,15.0,1813.4,1936.377859078591
MRF Limited,up,premium,27.0,31.0,137475.0,132541.95817366953
MTAR Technologies Limited,up,premium,3.5,86.0,2400.2,2024.402343658679
Mahindra Holidays & Resorts India Limited,up,at par,6.0,-2.0,289.5,350.7338137254903
Mahindra and Mahindra Limited,up,premium,35.0,38.0,3543.4,2534.300222689076
Mankind Pharma Limited,up,at par,-0.5,-8.0,2107.6,2614.177329545453
Manorama Industries Limited,up,at par,111.0,15.0,1093.0,1460.3409302325579
Marathon Nextgen Realty Limited,up,premium,25.0,25.0,490.05,487.6561678255373
Marico Limited,up,premium,12.0,25.0,740.95,676.5019943977593
Maruti Suzuki India Limited,up,premium,10.0,31.0,15469.0,12396.245159663871
Max Healthcare Institute Limited,up,at par,23.0,1.0,991.4,1201.2122843822845
Mazagon Dock Shipbuilders Ltd,up,at par,106.0,8.0,2301.8,2791.3475595238097
Mazda Limited,up,at par,21.0,-12.0,194.81,256.2220556920556
Minda Corporation Limited,up,premium,13.0,13.0,542.9,453.9335154061625
Mindspace Business Parks REIT,up,premium,24.0,41.0,490.06,403.7409836829835
Mirae Asset Nifty Metal ETF,up,premium,40.0,40.0,11.53,11.077250000000005
Moschip Technologies Limited,up,at par,,,169.22,224.9984848484849
Motilal Oswal Nifty Realty ETF,down,at par,-5.0,-5.0,75.75,84.09988142292488
MphasiS Limited,up,at par,25.0,25.0,2752.8,2975.724043417367
Multi Commodity Exchange of India Limited,up,premium,20.0,129.0,2282.0,1071.455155462185
NEPHRO CARE INDIA LIMITED,down,premium,-23.0,-23.0,101.0,74.59298245614042
NTPC Limited,up,premium,4.0,10.0,336.7,304.0888291316527
Narayana Hrudayalaya Limited,up,premium,21.0,21.0,1746.7,1446.6628795518213
National Aluminium Co Ltd,up,premium,18.0,119.0,370.65,173.87198039215684
Nava Limited,up,premium,40.0,35.0,530.75,381.65022549019614
Nestle India Limited,up,at par,19.0,19.0,1293.8,1346.8688263305326
Netweb Technologies India Limited,up,at par,49.5,113.0,3100.1,3188.3163225806456
New Delhi Television Limited,up,discount,-11.0,-31.0,81.12,205.6730336134454
Newgen Software Technologies Limited,up,at par,17.0,-33.0,624.25,960.3201417525777
Nexus Select Trust,up,premium,20.0,29.0,159.28,157.79571969696963
Nippon India ETF Nifty 50,up,premium,14.0,14.0,283.91,277.98820868347343
Nippon India ETF Nifty 50 Shariah,up,at par,7.0,7.0,517.58,546.9540294117649
Nippon India ETF Nifty Consumption,up,premium,14.0,14.0,128.29,124.67044817927172
Nippon India ETF Nifty IT,up,at par,5.0,5.0,42.12,43.89788331071912
Nippon India ETF Nifty Infra,up,at par,16.0,16.0,921.96,970.5103115423904
Nippon India ETF Nifty PSU Bank,up,premium,11.0,55.0,97.7,68.12185714285718
Nippon India Nifty Auto ETF,up,at par,24.5,31.0,275.15,290.7364285714286
Nippon India Silver ETF,up,premium,32.0,224.0,292.73,140.03959219858152
Oberoi Realty Limited,up,at par,7.0,-2.0,1453.9,1627.6480224089637
Olectra Greentech Limited,up,at par,5.0,-8.0,989.4,1413.0702759103644
One 97 Communications Limited,up,premium,17.0,59.0,1138.8,926.6143921568624
PG Electroplast Limited,up,premium,68.0,-36.0,510.35,471.6118067226891
PI Industries Limited,up,at par,14.0,6.0,3175.4,4252.006025210085
PTC Industries Limited,up,at par,46.0,71.0,17478.0,18851.94677419355
Paras Defence and Space Technologies Limited,up,at par,8.0,43.0,622.95,805.0676470588235
Persistent Systems Limited,up,at par,29.0,,,4059.8045865767303
Pidilite Industries Limited,up,at par,19.0,10.0,1447.9,1635.4021512605045
Piramal Pharma Limited,up,at par,44.0,-20.0,151.41,229.51415384615396
Pix Transmissions Ltd,up,at par,4.0,-9.0,1297.5,1796.8300289855072
Pokarna Limited,up,at par,-1.0,-35.0,720.9,838.4785766590384
Poly Medicure Limited,up,at par,18.0,-22.0,1590.0,1992.9035448179272
Polycab India Limited,up,at par,37.0,43.0,6722.0,7269.637687443544
Power Grid Corporation of India Limited,up,at par,5.0,5.0,254.15,266.1851736694678
PowerGrid Infrastructure Investment Trust,up,premium,1.0,26.0,91.7,82.47712406015032
Praj Industries Limited,up,at par,17.0,-41.0,283.55,566.1729635854341
Precision Wires India Limited,up,premium,40.0,58.0,214.83,156.53905462184875
Premier Explosives Limited,up,premium,21.0,41.0,471.1,395.8972008995502
Pricol Limited,up,premium,47.0,47.0,581.5,431.6150490196079
Prime Focus Limited,up,premium,20.0,129.0,217.52,120.5612030812325
Procter & Gamble Health Limited,up,at par,11.0,10.0,5395.5,6271.471693277312
Procter & Gamble Hygiene and Health Care Limited,up,at par,15.0,-9.0,12157.0,16539.94077591037
R R Kabel Limited,down,premium,7.5,53.0,1351.6,1255.8174137931037
RAINBOW CHILDREN'S MEDICARE LIMITED,up,at par,-4.0,-4.0,1185.6,1634.6434646464645
RITES Limited,up,at par,9.0,9.0,217.79,288.0041538461539
RPG Life Sciences Limited,up,premium,21.0,3.0,2135.7,1832.929099439776
Radico Khaitan Limited,up,premium,36.0,43.0,2962.0,2260.6334523809523
Rail Vikas Nigam Limited,up,at par,47.5,-2.0,325.15,391.46014453477875
Raitel Corporation of India Limited,up,at par,18.5,18.0,328.2,438.34119774011316
Rajapalayam Mills Limited,up,at par,13.0,,,919.2812682239812
Ramco Industries Limited,up,premium,5.0,32.0,302.75,248.95660504201683
Ramkrishna Forgings Ltd,up,at par,47.0,-21.0,510.5,656.8948389355744
RateGain Travel Technologies Limited,up,at par,22.0,26.0,615.0,726.4755918367345
Raymond Limited,up,discount,-19.0,-71.0,369.7,1374.471942577031
Reliance Industries Limited,up,at par,16.0,16.0,1386.1,1580.566939775911
SBI Gold ETF,up,premium,10.0,79.0,131.51,76.73466806722688
SBI Nifty Private Bank ETF,up,at par,12.0,16.0,285.51,289.3266666666667
SRF Limited,up,at par,22.0,-3.0,2713.7,3092.701035014006
SURAKSHA DIAGNOSTIC LIMITED,down,at par,0.0,-0.0,261.7,277.4071428571429
Safari Industries (India) Limited,up,at par,20.0,-7.0,1981.6,2538.8532330827074
Sagility Limited,up,premium,21.0,21.0,51.69,50.30409523809525
Samvardhana Motherson International Limited,up,premium,16.0,38.0,108.4,92.8204691876751
Sangani Hospitals Limited,up,at par,13.5,-28.0,48.5,70.97632183908044
Sanghi Industries Limited,down,at par,16.0,16.0,60.44,67.4978487394958
Sapphire Foods India Limited,up,at par,0.0,-40.0,184.9,311.7968862745098
Saregama India Limited,up,at par,11.0,-23.0,333.75,509.4165952380953
Schneider Electric Infrastructure Limited,up,premium,-2.0,-1.0,606.7,599.9596708683475
Shaily Engineering Plastics Limited,up,at par,147.0,25.0,1890.3,2048.073913043478
Shakti Pumps (India) Limited,up,premium,-6.0,-21.0,638.95,552.1088179271711
Shalby Limited,up,at par,-6.5,-13.0,164.75,224.9279528718705
Shanthi Gears Limited,up,at par,30.0,7.0,450.05,511.3026260504204
Sharda Motor Industries Limited,up,at par,9.0,9.0,840.05,1293.676511204482
Shilchar Technologies Limited,up,at par,58.5,,,3284.4585333962095
Shilpa Medicare Limited,up,at par,-12.0,-12.0,267.0,273.47273389355746
Siemens Limited,up,at par,28.0,7.0,2900.4,3180.860508403362
Solar Industries India Limited,up,premium,45.0,45.0,12658.0,9971.096025210083
Sonata Software Limited,up,at par,36.0,-13.0,308.2,539.4930770308124
Spicejet Limited,down,at par,-27.0,-50.0,22.91,34.848443977591046
Standard Engineering Technology Limited,up,at par,5.0,5.0,137.0,165.06346153846152
Sterlite Technologies Limited,down,at par,-13.0,3.0,88.39,137.4556932773109
Stylam Industries Limited,up,premium,27.5,38.0,2176.3,2154.0827533193556
Subros Limited,up,premium,5.0,31.0,745.15,670.91093697479
Sun Pharmaceutical Industries Limited,up,premium,3.0,3.0,1631.9,1528.234675070028
Swiggy Limited,down,at par,-7.0,-7.0,311.75,351.2085714285715
Syrma SGS Technology Limited,up,at par,61.0,61.0,665.35,724.7389663182347
TCPL Packaging Limited,up,at par,55.5,-32.0,2644.8,3091.2778909090907
THYROCARE TECHNOLOGIES LIMITED,up,premium,2.0,96.0,440.25,303.72711759504864
TVS Holdings Limited,up,premium,26.0,66.0,13467.0,9535.422642857144
TVS Motor Company Limited,up,premium,38.0,60.0,3549.8,2408.7024425770314
Taj GVK Hotels and Resorts Limited,up,premium,10.0,-20.0,356.8,334.3733613445378
Tata Chemicals Limited,up,at par,15.0,-7.0,713.5,1132.0431260504204
Tata Consultancy Services Limited,up,at par,24.0,-6.0,3162.5,3955.677626050421
Tata Consumer Products Limited,up,at par,21.0,21.0,1153.5,1184.1596176470591
Tata Elxsi Limited,up,at par,1.0,1.0,5409.5,7937.872177871148
Tata Motors Passenger Vehicles Limited,down,premium,,,344.45,323.1249999999999
Tata Technologies Limited,down,premium,-19.0,-1.0,657.55,552.1483760683763
Tech Mahindra Limited,up,premium,20.0,18.0,1701.1,1540.0180658263307
Techno Electric & Engineering Company Limited,up,at par,2.0,-8.0,893.4,1010.2166932773107
Tejas Networks Limited,up,discount,14.5,-57.0,304.05,881.0553136669159
Texmaco Rail & Engineering Limited,up,at par,8.0,-7.0,119.26,131.61882773109247
The Indian Hotels Company Limited,up,premium,17.0,-10.0,645.8,628.0889117647059
The Supreme Industries Limited,up,at par,17.0,6.0,3488.5,4275.882995798321
Thejo Engineering Limited,up,at par,30.0,9.0,1779.9,2235.1722517162466
Timken India Limited,up,at par,29.0,24.0,3030.4,3579.989333333335
Tips Films Limited,down,at par,-18.0,-26.0,393.15,511.0739230769231
Tips Music Limited,up,premium,82.0,-9.0,524.7,518.8185182072829
Titagarh Rail Systems Limited,up,at par,24.0,13.0,786.55,873.7823137254902
Titan Company Limited,up,premium,26.0,31.0,4021.8,3826.5847282913173
Transformers and Rectifiers (India) Limited,up,at par,70.0,-40.0,232.5,294.7842759103643
Trent Limited,up,at par,25.0,-23.0,3755.9,4509.4749943977595
Triveni Engineering and Industries Limited,up,at par,9.0,-4.0,330.9,394.76224369747905
Tube Investments of India Limited,up,at par,39.5,-10.0,2219.4,3869.769742321171
UFLEX Limited,up,at par,10.0,1.0,452.05,577.8644579831935
UPL Limited,up,premium,9.0,12.0,702.55,702.509642857143
UltraTech Cement Limited,up,premium,11.0,23.0,12369.0,11147.013128851542
United Breweries Limited,up,at par,15.0,-26.0,1441.5,1963.7651190476197
United Spirits Limited,up,at par,5.0,5.0,1333.0,1419.2250000000004
Uno Minda Limited,up,premium,32.0,38.0,1134.1,989.3951148459385
Urban Company Limited,down,premium,,,124.85,110.93399999999991
V Guard Industries Limited,up,at par,1.0,1.0,311.0,367.6310364145658
V-Mart Retail Limited,up,at par,19.0,-23.0,573.8,870.9819285714284
V2 Retail Limited,up,premium,16.0,16.0,1826.0,1071.8898879551823
VIJAYA DIAGNOSTIC CENTRE LIMITED,up,at par,25.5,9.0,996.3,1078.0868577648762
VIMTA LABS LIMITED,up,premium,69.0,19.0,514.65,405.7345308123251
VIP Industries Limited,up,at par,1.0,15.0,348.8,589.1036946778713
Varun Beverages Limited,up,at par,36.0,9.0,474.1,523.7872530712528
Vedanta Limited,up,premium,36.0,83.0,684.15,382.3460560224091
Ventive Hospitality Limited,up,at par,30.0,30.0,723.45,750.029120879121
Vesuvius India Ltd,up,premium,12.0,16.0,461.05,416.1139271708683
Vishal Mega Mart Limited,up,at par,24.0,24.0,124.58,149.631978021978
Vodafone Idea Limited,down,premium,-28.0,32.0,9.93,-5.174313725490201
Voltas Limited,up,at par,21.0,0.0,1315.4,1423.211079831933
Welspun Corp Limited,up,premium,32.0,-0.0,730.6,647.1895504201682
Welspun Enterprises Limited,up,premium,33.0,13.0,467.1,406.89905882352946
Welspun Living Limited,up,at par,-19.0,14.0,120.78,134.07435294117653
Wipro Limited,up,at par,21.0,-12.0,238.4,277.69855322128853
Wockhardt Limited,up,premium,9.0,17.0,1351.6,783.643429971989
Wonder Electricals Limited,up,at par,72.5,-21.0,139.88,144.44734265734257
Yatharth Hospital & Trauma Care Services Limited,up,at par,14.5,53.0,550.8,684.5689655172413
Z F Steering Gear (India) Limited,down,premium,0.0,0.0,1399.75,600.7437487019729
Zen Technologies Limited,up,premium,33.0,23.0,1287.6,1215.5978641456586
Zydus Lifesciences Limited,up,premium,-7.0,2.0,882.0,852.0772156862747
eClerx Services Limited,up,premium,12.0,53.0,4323.9,2931.73050140056
